﻿<?xml version="1.0" encoding="utf-8"?>
<?xml-stylesheet type="text/xsl" href="c:\program files (x86)\microsoft visual studio\2019\enterprise\team tools\static analysis tools\fxcop\Xml\CodeAnalysisReport.xsl"?>
<FxCopReport Version="16.0">
 <Targets>
  <Target Name="C:\Users\huawei\source\repos\project.wpf.f.icooling.2002\bin\Debug\project.wpf.f.icooling.2002.exe">
   <Modules>
    <Module Name="project.wpf.f.icooling.2002.exe">
     <Namespaces>
      <Namespace Name="project.wpf.f.icooling._2002">
       <Types>
        <Type Name="MainWindow" Kind="Class" Accessibility="Public" ExternallyVisible="True">
         <Members>
          <Member Name="#NavMenu" Kind="Field" Static="False" Accessibility="Assembly" ExternallyVisible="False">
           <Messages>
            <Message TypeName="AvoidUnusedPrivateFields" Category="Microsoft.Performance" CheckId="CA1823" Status="ExcludedInSource" Created="2020-03-26 08:10:14Z" FixCategory="NonBreaking" LastSeen="0001-01-01 00:00:00Z" />
           </Messages>
          </Member>
          <Member Name="#System.Windows.Markup.IComponentConnector.Connect(System.Int32,System.Object)" Kind="Method" Static="False" Accessibility="Private" ExternallyVisible="True">
           <Messages>
            <Message TypeName="AvoidExcessiveComplexity" Category="Microsoft.Maintainability" CheckId="CA1502" Status="ExcludedInSource" Created="2020-03-26 08:10:14Z" FixCategory="NonBreaking" LastSeen="0001-01-01 00:00:00Z" />
            <Message TypeName="DoNotCastUnnecessarily" Category="Microsoft.Performance" CheckId="CA1800" Status="ExcludedInSource" Created="2020-03-26 08:10:14Z" FixCategory="NonBreaking" LastSeen="0001-01-01 00:00:00Z" />
            <Message TypeName="InterfaceMethodsShouldBeCallableByChildTypes" Category="Microsoft.Design" CheckId="CA1033" Status="ExcludedInSource" Created="2020-03-26 08:10:14Z" FixCategory="NonBreaking" LastSeen="0001-01-01 00:00:00Z" />
           </Messages>
          </Member>
         </Members>
        </Type>
       </Types>
      </Namespace>
      <Namespace Name="project.wpf.f.icooling._2002.Properties">
       <Types>
        <Type Name="Resources" Kind="Class" Accessibility="Public" ExternallyVisible="True">
         <Members>
          <Member Name="#.ctor()" Kind="Method" Static="False" Accessibility="Assembly" ExternallyVisible="False">
           <Messages>
            <Message TypeName="AvoidUncalledPrivateCode" Category="Microsoft.Performance" CheckId="CA1811" Status="ExcludedInSource" Created="2020-03-26 08:10:14Z" FixCategory="NonBreaking" LastSeen="0001-01-01 00:00:00Z" />
           </Messages>
          </Member>
         </Members>
        </Type>
       </Types>
      </Namespace>
      <Namespace Name="project.wpf.f.icooling._2002.View">
       <Types>
        <Type Name="CalendarView" Kind="Class" Accessibility="Public" ExternallyVisible="True">
         <Members>
          <Member Name="#BtnViewCode" Kind="Field" Static="False" Accessibility="Assembly" ExternallyVisible="False">
           <Messages>
            <Message TypeName="AvoidUnusedPrivateFields" Category="Microsoft.Performance" CheckId="CA1823" Status="ExcludedInSource" Created="2020-03-26 08:10:14Z" FixCategory="NonBreaking" LastSeen="0001-01-01 00:00:00Z" />
           </Messages>
          </Member>
          <Member Name="#CdrCustom" Kind="Field" Static="False" Accessibility="Assembly" ExternallyVisible="False">
           <Messages>
            <Message TypeName="AvoidUnusedPrivateFields" Category="Microsoft.Performance" CheckId="CA1823" Status="ExcludedInSource" Created="2020-03-26 08:10:14Z" FixCategory="NonBreaking" LastSeen="0001-01-01 00:00:00Z" />
           </Messages>
          </Member>
          <Member Name="#ChbLimitMax" Kind="Field" Static="False" Accessibility="Assembly" ExternallyVisible="False">
           <Messages>
            <Message TypeName="AvoidUnusedPrivateFields" Category="Microsoft.Performance" CheckId="CA1823" Status="ExcludedInSource" Created="2020-03-26 08:10:14Z" FixCategory="NonBreaking" LastSeen="0001-01-01 00:00:00Z" />
           </Messages>
          </Member>
          <Member Name="#ChbLimitMin" Kind="Field" Static="False" Accessibility="Assembly" ExternallyVisible="False">
           <Messages>
            <Message TypeName="AvoidUnusedPrivateFields" Category="Microsoft.Performance" CheckId="CA1823" Status="ExcludedInSource" Created="2020-03-26 08:10:14Z" FixCategory="NonBreaking" LastSeen="0001-01-01 00:00:00Z" />
           </Messages>
          </Member>
          <Member Name="#ChbSundayFirst" Kind="Field" Static="False" Accessibility="Assembly" ExternallyVisible="False">
           <Messages>
            <Message TypeName="AvoidUnusedPrivateFields" Category="Microsoft.Performance" CheckId="CA1823" Status="ExcludedInSource" Created="2020-03-26 08:10:14Z" FixCategory="NonBreaking" LastSeen="0001-01-01 00:00:00Z" />
           </Messages>
          </Member>
          <Member Name="#GrpCode" Kind="Field" Static="False" Accessibility="Assembly" ExternallyVisible="False">
           <Messages>
            <Message TypeName="AvoidUnusedPrivateFields" Category="Microsoft.Performance" CheckId="CA1823" Status="ExcludedInSource" Created="2020-03-26 08:10:14Z" FixCategory="NonBreaking" LastSeen="0001-01-01 00:00:00Z" />
           </Messages>
          </Member>
          <Member Name="#GrpPalette" Kind="Field" Static="False" Accessibility="Assembly" ExternallyVisible="False">
           <Messages>
            <Message TypeName="AvoidUnusedPrivateFields" Category="Microsoft.Performance" CheckId="CA1823" Status="ExcludedInSource" Created="2020-03-26 08:10:14Z" FixCategory="NonBreaking" LastSeen="0001-01-01 00:00:00Z" />
           </Messages>
          </Member>
          <Member Name="#RectBackground" Kind="Field" Static="False" Accessibility="Assembly" ExternallyVisible="False">
           <Messages>
            <Message TypeName="AvoidUnusedPrivateFields" Category="Microsoft.Performance" CheckId="CA1823" Status="ExcludedInSource" Created="2020-03-26 08:10:14Z" FixCategory="NonBreaking" LastSeen="0001-01-01 00:00:00Z" />
           </Messages>
          </Member>
          <Member Name="#SldTheme" Kind="Field" Static="False" Accessibility="Assembly" ExternallyVisible="False">
           <Messages>
            <Message TypeName="AvoidUnusedPrivateFields" Category="Microsoft.Performance" CheckId="CA1823" Status="ExcludedInSource" Created="2020-03-26 08:10:14Z" FixCategory="NonBreaking" LastSeen="0001-01-01 00:00:00Z" />
           </Messages>
          </Member>
          <Member Name="#System.Windows.Markup.IComponentConnector.Connect(System.Int32,System.Object)" Kind="Method" Static="False" Accessibility="Private" ExternallyVisible="True">
           <Messages>
            <Message TypeName="AvoidExcessiveComplexity" Category="Microsoft.Maintainability" CheckId="CA1502" Status="ExcludedInSource" Created="2020-03-26 08:10:14Z" FixCategory="NonBreaking" LastSeen="0001-01-01 00:00:00Z" />
            <Message TypeName="DoNotCastUnnecessarily" Category="Microsoft.Performance" CheckId="CA1800" Status="ExcludedInSource" Created="2020-03-26 08:10:14Z" FixCategory="NonBreaking" LastSeen="0001-01-01 00:00:00Z" />
            <Message TypeName="InterfaceMethodsShouldBeCallableByChildTypes" Category="Microsoft.Design" CheckId="CA1033" Status="ExcludedInSource" Created="2020-03-26 08:10:14Z" FixCategory="NonBreaking" LastSeen="0001-01-01 00:00:00Z" />
           </Messages>
          </Member>
          <Member Name="#TbCode" Kind="Field" Static="False" Accessibility="Assembly" ExternallyVisible="False">
           <Messages>
            <Message TypeName="AvoidUnusedPrivateFields" Category="Microsoft.Performance" CheckId="CA1823" Status="ExcludedInSource" Created="2020-03-26 08:10:14Z" FixCategory="NonBreaking" LastSeen="0001-01-01 00:00:00Z" />
           </Messages>
          </Member>
         </Members>
        </Type>
        <Type Name="DeviceView风扇过滤器" Kind="Class" Accessibility="Public" ExternallyVisible="True">
         <Members>
          <Member Name="#_CreateDelegate(System.Type,System.String)" Kind="Method" Static="False" Accessibility="Assembly" ExternallyVisible="False">
           <Messages>
            <Message TypeName="AvoidUncalledPrivateCode" Category="Microsoft.Performance" CheckId="CA1811" Status="ExcludedInSource" Created="2020-03-26 08:10:14Z" FixCategory="NonBreaking" LastSeen="0001-01-01 00:00:00Z" />
           </Messages>
          </Member>
          <Member Name="#DeviceMaterial" Kind="Field" Static="False" Accessibility="Assembly" ExternallyVisible="False">
           <Messages>
            <Message TypeName="AvoidUnusedPrivateFields" Category="Microsoft.Performance" CheckId="CA1823" Status="ExcludedInSource" Created="2020-03-26 08:10:14Z" FixCategory="NonBreaking" LastSeen="0001-01-01 00:00:00Z" />
           </Messages>
          </Member>
          <Member Name="#RectBackground" Kind="Field" Static="False" Accessibility="Assembly" ExternallyVisible="False">
           <Messages>
            <Message TypeName="AvoidUnusedPrivateFields" Category="Microsoft.Performance" CheckId="CA1823" Status="ExcludedInSource" Created="2020-03-26 08:10:14Z" FixCategory="NonBreaking" LastSeen="0001-01-01 00:00:00Z" />
           </Messages>
          </Member>
          <Member Name="#System.Windows.Markup.IComponentConnector.Connect(System.Int32,System.Object)" Kind="Method" Static="False" Accessibility="Private" ExternallyVisible="True">
           <Messages>
            <Message TypeName="AvoidExcessiveComplexity" Category="Microsoft.Maintainability" CheckId="CA1502" Status="ExcludedInSource" Created="2020-03-26 08:10:14Z" FixCategory="NonBreaking" LastSeen="0001-01-01 00:00:00Z" />
            <Message TypeName="DoNotCastUnnecessarily" Category="Microsoft.Performance" CheckId="CA1800" Status="ExcludedInSource" Created="2020-03-26 08:10:14Z" FixCategory="NonBreaking" LastSeen="0001-01-01 00:00:00Z" />
            <Message TypeName="InterfaceMethodsShouldBeCallableByChildTypes" Category="Microsoft.Design" CheckId="CA1033" Status="ExcludedInSource" Created="2020-03-26 08:10:14Z" FixCategory="NonBreaking" LastSeen="0001-01-01 00:00:00Z" />
           </Messages>
          </Member>
         </Members>
        </Type>
        <Type Name="DeviceView机柜空调" Kind="Class" Accessibility="Public" ExternallyVisible="True">
         <Members>
          <Member Name="#_CreateDelegate(System.Type,System.String)" Kind="Method" Static="False" Accessibility="Assembly" ExternallyVisible="False">
           <Messages>
            <Message TypeName="AvoidUncalledPrivateCode" Category="Microsoft.Performance" CheckId="CA1811" Status="ExcludedInSource" Created="2020-03-26 08:10:14Z" FixCategory="NonBreaking" LastSeen="0001-01-01 00:00:00Z" />
           </Messages>
          </Member>
          <Member Name="#DeviceMaterial" Kind="Field" Static="False" Accessibility="Assembly" ExternallyVisible="False">
           <Messages>
            <Message TypeName="AvoidUnusedPrivateFields" Category="Microsoft.Performance" CheckId="CA1823" Status="ExcludedInSource" Created="2020-03-26 08:10:14Z" FixCategory="NonBreaking" LastSeen="0001-01-01 00:00:00Z" />
           </Messages>
          </Member>
          <Member Name="#RectBackground" Kind="Field" Static="False" Accessibility="Assembly" ExternallyVisible="False">
           <Messages>
            <Message TypeName="AvoidUnusedPrivateFields" Category="Microsoft.Performance" CheckId="CA1823" Status="ExcludedInSource" Created="2020-03-26 08:10:14Z" FixCategory="NonBreaking" LastSeen="0001-01-01 00:00:00Z" />
           </Messages>
          </Member>
          <Member Name="#System.Windows.Markup.IComponentConnector.Connect(System.Int32,System.Object)" Kind="Method" Static="False" Accessibility="Private" ExternallyVisible="True">
           <Messages>
            <Message TypeName="AvoidExcessiveComplexity" Category="Microsoft.Maintainability" CheckId="CA1502" Status="ExcludedInSource" Created="2020-03-26 08:10:14Z" FixCategory="NonBreaking" LastSeen="0001-01-01 00:00:00Z" />
            <Message TypeName="DoNotCastUnnecessarily" Category="Microsoft.Performance" CheckId="CA1800" Status="ExcludedInSource" Created="2020-03-26 08:10:14Z" FixCategory="NonBreaking" LastSeen="0001-01-01 00:00:00Z" />
            <Message TypeName="InterfaceMethodsShouldBeCallableByChildTypes" Category="Microsoft.Design" CheckId="CA1033" Status="ExcludedInSource" Created="2020-03-26 08:10:14Z" FixCategory="NonBreaking" LastSeen="0001-01-01 00:00:00Z" />
           </Messages>
          </Member>
         </Members>
        </Type>
        <Type Name="DeviceView加热器" Kind="Class" Accessibility="Public" ExternallyVisible="True">
         <Members>
          <Member Name="#_CreateDelegate(System.Type,System.String)" Kind="Method" Static="False" Accessibility="Assembly" ExternallyVisible="False">
           <Messages>
            <Message TypeName="AvoidUncalledPrivateCode" Category="Microsoft.Performance" CheckId="CA1811" Status="ExcludedInSource" Created="2020-03-26 08:10:14Z" FixCategory="NonBreaking" LastSeen="0001-01-01 00:00:00Z" />
           </Messages>
          </Member>
          <Member Name="#DeviceMaterial" Kind="Field" Static="False" Accessibility="Assembly" ExternallyVisible="False">
           <Messages>
            <Message TypeName="AvoidUnusedPrivateFields" Category="Microsoft.Performance" CheckId="CA1823" Status="ExcludedInSource" Created="2020-03-26 08:10:14Z" FixCategory="NonBreaking" LastSeen="0001-01-01 00:00:00Z" />
           </Messages>
          </Member>
          <Member Name="#RectBackground" Kind="Field" Static="False" Accessibility="Assembly" ExternallyVisible="False">
           <Messages>
            <Message TypeName="AvoidUnusedPrivateFields" Category="Microsoft.Performance" CheckId="CA1823" Status="ExcludedInSource" Created="2020-03-26 08:10:14Z" FixCategory="NonBreaking" LastSeen="0001-01-01 00:00:00Z" />
           </Messages>
          </Member>
          <Member Name="#System.Windows.Markup.IComponentConnector.Connect(System.Int32,System.Object)" Kind="Method" Static="False" Accessibility="Private" ExternallyVisible="True">
           <Messages>
            <Message TypeName="AvoidExcessiveComplexity" Category="Microsoft.Maintainability" CheckId="CA1502" Status="ExcludedInSource" Created="2020-03-26 08:10:14Z" FixCategory="NonBreaking" LastSeen="0001-01-01 00:00:00Z" />
            <Message TypeName="DoNotCastUnnecessarily" Category="Microsoft.Performance" CheckId="CA1800" Status="ExcludedInSource" Created="2020-03-26 08:10:14Z" FixCategory="NonBreaking" LastSeen="0001-01-01 00:00:00Z" />
            <Message TypeName="InterfaceMethodsShouldBeCallableByChildTypes" Category="Microsoft.Design" CheckId="CA1033" Status="ExcludedInSource" Created="2020-03-26 08:10:14Z" FixCategory="NonBreaking" LastSeen="0001-01-01 00:00:00Z" />
           </Messages>
          </Member>
         </Members>
        </Type>
        <Type Name="DeviceView冷暖水蒸发器" Kind="Class" Accessibility="Public" ExternallyVisible="True">
         <Members>
          <Member Name="#image1" Kind="Field" Static="False" Accessibility="Assembly" ExternallyVisible="False">
           <Messages>
            <Message TypeName="AvoidUnusedPrivateFields" Category="Microsoft.Performance" CheckId="CA1823" Status="ExcludedInSource" Created="2020-03-26 08:10:14Z" FixCategory="NonBreaking" LastSeen="0001-01-01 00:00:00Z" />
           </Messages>
          </Member>
          <Member Name="#RectBackground" Kind="Field" Static="False" Accessibility="Assembly" ExternallyVisible="False">
           <Messages>
            <Message TypeName="AvoidUnusedPrivateFields" Category="Microsoft.Performance" CheckId="CA1823" Status="ExcludedInSource" Created="2020-03-26 08:10:14Z" FixCategory="NonBreaking" LastSeen="0001-01-01 00:00:00Z" />
           </Messages>
          </Member>
          <Member Name="#System.Windows.Markup.IComponentConnector.Connect(System.Int32,System.Object)" Kind="Method" Static="False" Accessibility="Private" ExternallyVisible="True">
           <Messages>
            <Message TypeName="AvoidExcessiveComplexity" Category="Microsoft.Maintainability" CheckId="CA1502" Status="ExcludedInSource" Created="2020-03-26 08:10:14Z" FixCategory="NonBreaking" LastSeen="0001-01-01 00:00:00Z" />
            <Message TypeName="DoNotCastUnnecessarily" Category="Microsoft.Performance" CheckId="CA1800" Status="ExcludedInSource" Created="2020-03-26 08:10:14Z" FixCategory="NonBreaking" LastSeen="0001-01-01 00:00:00Z" />
            <Message TypeName="InterfaceMethodsShouldBeCallableByChildTypes" Category="Microsoft.Design" CheckId="CA1033" Status="ExcludedInSource" Created="2020-03-26 08:10:14Z" FixCategory="NonBreaking" LastSeen="0001-01-01 00:00:00Z" />
           </Messages>
          </Member>
         </Members>
        </Type>
        <Type Name="DeviceView水热交换器" Kind="Class" Accessibility="Public" ExternallyVisible="True">
         <Members>
          <Member Name="#_CreateDelegate(System.Type,System.String)" Kind="Method" Static="False" Accessibility="Assembly" ExternallyVisible="False">
           <Messages>
            <Message TypeName="AvoidUncalledPrivateCode" Category="Microsoft.Performance" CheckId="CA1811" Status="ExcludedInSource" Created="2020-03-26 08:10:14Z" FixCategory="NonBreaking" LastSeen="0001-01-01 00:00:00Z" />
           </Messages>
          </Member>
          <Member Name="#DeviceMaterial" Kind="Field" Static="False" Accessibility="Assembly" ExternallyVisible="False">
           <Messages>
            <Message TypeName="AvoidUnusedPrivateFields" Category="Microsoft.Performance" CheckId="CA1823" Status="ExcludedInSource" Created="2020-03-26 08:10:14Z" FixCategory="NonBreaking" LastSeen="0001-01-01 00:00:00Z" />
           </Messages>
          </Member>
          <Member Name="#RectBackground" Kind="Field" Static="False" Accessibility="Assembly" ExternallyVisible="False">
           <Messages>
            <Message TypeName="AvoidUnusedPrivateFields" Category="Microsoft.Performance" CheckId="CA1823" Status="ExcludedInSource" Created="2020-03-26 08:10:14Z" FixCategory="NonBreaking" LastSeen="0001-01-01 00:00:00Z" />
           </Messages>
          </Member>
          <Member Name="#System.Windows.Markup.IComponentConnector.Connect(System.Int32,System.Object)" Kind="Method" Static="False" Accessibility="Private" ExternallyVisible="True">
           <Messages>
            <Message TypeName="AvoidExcessiveComplexity" Category="Microsoft.Maintainability" CheckId="CA1502" Status="ExcludedInSource" Created="2020-03-26 08:10:14Z" FixCategory="NonBreaking" LastSeen="0001-01-01 00:00:00Z" />
            <Message TypeName="DoNotCastUnnecessarily" Category="Microsoft.Performance" CheckId="CA1800" Status="ExcludedInSource" Created="2020-03-26 08:10:14Z" FixCategory="NonBreaking" LastSeen="0001-01-01 00:00:00Z" />
            <Message TypeName="InterfaceMethodsShouldBeCallableByChildTypes" Category="Microsoft.Design" CheckId="CA1033" Status="ExcludedInSource" Created="2020-03-26 08:10:14Z" FixCategory="NonBreaking" LastSeen="0001-01-01 00:00:00Z" />
           </Messages>
          </Member>
         </Members>
        </Type>
        <Type Name="SplashView" Kind="Class" Accessibility="Public" ExternallyVisible="True">
         <Members>
          <Member Name="#System.Windows.Markup.IComponentConnector.Connect(System.Int32,System.Object)" Kind="Method" Static="False" Accessibility="Private" ExternallyVisible="True">
           <Messages>
            <Message TypeName="AvoidExcessiveComplexity" Category="Microsoft.Maintainability" CheckId="CA1502" Status="ExcludedInSource" Created="2020-03-26 08:10:14Z" FixCategory="NonBreaking" LastSeen="0001-01-01 00:00:00Z" />
            <Message TypeName="DoNotCastUnnecessarily" Category="Microsoft.Performance" CheckId="CA1800" Status="ExcludedInSource" Created="2020-03-26 08:10:14Z" FixCategory="NonBreaking" LastSeen="0001-01-01 00:00:00Z" />
            <Message TypeName="InterfaceMethodsShouldBeCallableByChildTypes" Category="Microsoft.Design" CheckId="CA1033" Status="ExcludedInSource" Created="2020-03-26 08:10:14Z" FixCategory="NonBreaking" LastSeen="0001-01-01 00:00:00Z" />
           </Messages>
          </Member>
         </Members>
        </Type>
       </Types>
      </Namespace>
      <Namespace Name="project.wpf.f.icooling._2002.View.Control">
       <Types>
        <Type Name="Atmospheric" Kind="Class" Accessibility="Public" ExternallyVisible="True">
         <Members>
          <Member Name="#ComboBox" Kind="Field" Static="False" Accessibility="Assembly" ExternallyVisible="False">
           <Messages>
            <Message TypeName="AvoidUnusedPrivateFields" Category="Microsoft.Performance" CheckId="CA1823" Status="ExcludedInSource" Created="2020-03-26 08:10:14Z" FixCategory="NonBreaking" LastSeen="0001-01-01 00:00:00Z" />
           </Messages>
          </Member>
          <Member Name="#System.Windows.Markup.IComponentConnector.Connect(System.Int32,System.Object)" Kind="Method" Static="False" Accessibility="Private" ExternallyVisible="True">
           <Messages>
            <Message TypeName="AvoidExcessiveComplexity" Category="Microsoft.Maintainability" CheckId="CA1502" Status="ExcludedInSource" Created="2020-03-26 08:10:14Z" FixCategory="NonBreaking" LastSeen="0001-01-01 00:00:00Z" />
            <Message TypeName="DoNotCastUnnecessarily" Category="Microsoft.Performance" CheckId="CA1800" Status="ExcludedInSource" Created="2020-03-26 08:10:14Z" FixCategory="NonBreaking" LastSeen="0001-01-01 00:00:00Z" />
            <Message TypeName="InterfaceMethodsShouldBeCallableByChildTypes" Category="Microsoft.Design" CheckId="CA1033" Status="ExcludedInSource" Created="2020-03-26 08:10:14Z" FixCategory="NonBreaking" LastSeen="0001-01-01 00:00:00Z" />
           </Messages>
          </Member>
         </Members>
        </Type>
        <Type Name="DeviceFinalResult" Kind="Class" Accessibility="Public" ExternallyVisible="True">
         <Members>
          <Member Name="#System.Windows.Markup.IComponentConnector.Connect(System.Int32,System.Object)" Kind="Method" Static="False" Accessibility="Private" ExternallyVisible="True">
           <Messages>
            <Message TypeName="AvoidExcessiveComplexity" Category="Microsoft.Maintainability" CheckId="CA1502" Status="ExcludedInSource" Created="2020-03-26 08:10:14Z" FixCategory="NonBreaking" LastSeen="0001-01-01 00:00:00Z" />
            <Message TypeName="DoNotCastUnnecessarily" Category="Microsoft.Performance" CheckId="CA1800" Status="ExcludedInSource" Created="2020-03-26 08:10:14Z" FixCategory="NonBreaking" LastSeen="0001-01-01 00:00:00Z" />
            <Message TypeName="InterfaceMethodsShouldBeCallableByChildTypes" Category="Microsoft.Design" CheckId="CA1033" Status="ExcludedInSource" Created="2020-03-26 08:10:14Z" FixCategory="NonBreaking" LastSeen="0001-01-01 00:00:00Z" />
           </Messages>
          </Member>
         </Members>
        </Type>
        <Type Name="DeviceInstallPosition" Kind="Class" Accessibility="Public" ExternallyVisible="True">
         <Members>
          <Member Name="#ComboBox" Kind="Field" Static="False" Accessibility="Assembly" ExternallyVisible="False">
           <Messages>
            <Message TypeName="AvoidUnusedPrivateFields" Category="Microsoft.Performance" CheckId="CA1823" Status="ExcludedInSource" Created="2020-03-26 08:10:14Z" FixCategory="NonBreaking" LastSeen="0001-01-01 00:00:00Z" />
           </Messages>
          </Member>
          <Member Name="#System.Windows.Markup.IComponentConnector.Connect(System.Int32,System.Object)" Kind="Method" Static="False" Accessibility="Private" ExternallyVisible="True">
           <Messages>
            <Message TypeName="AvoidExcessiveComplexity" Category="Microsoft.Maintainability" CheckId="CA1502" Status="ExcludedInSource" Created="2020-03-26 08:10:14Z" FixCategory="NonBreaking" LastSeen="0001-01-01 00:00:00Z" />
            <Message TypeName="DoNotCastUnnecessarily" Category="Microsoft.Performance" CheckId="CA1800" Status="ExcludedInSource" Created="2020-03-26 08:10:14Z" FixCategory="NonBreaking" LastSeen="0001-01-01 00:00:00Z" />
            <Message TypeName="InterfaceMethodsShouldBeCallableByChildTypes" Category="Microsoft.Design" CheckId="CA1033" Status="ExcludedInSource" Created="2020-03-26 08:10:14Z" FixCategory="NonBreaking" LastSeen="0001-01-01 00:00:00Z" />
           </Messages>
          </Member>
         </Members>
        </Type>
        <Type Name="DeviceMaterial" Kind="Class" Accessibility="Public" ExternallyVisible="True">
         <Members>
          <Member Name="#ComboBox" Kind="Field" Static="False" Accessibility="Assembly" ExternallyVisible="False">
           <Messages>
            <Message TypeName="AvoidUnusedPrivateFields" Category="Microsoft.Performance" CheckId="CA1823" Status="ExcludedInSource" Created="2020-03-26 08:10:14Z" FixCategory="NonBreaking" LastSeen="0001-01-01 00:00:00Z" />
           </Messages>
          </Member>
          <Member Name="#Ratio" Kind="Field" Static="False" Accessibility="Assembly" ExternallyVisible="False">
           <Messages>
            <Message TypeName="AvoidUnusedPrivateFields" Category="Microsoft.Performance" CheckId="CA1823" Status="ExcludedInSource" Created="2020-03-26 08:10:14Z" FixCategory="NonBreaking" LastSeen="0001-01-01 00:00:00Z" />
           </Messages>
          </Member>
          <Member Name="#System.Windows.Markup.IComponentConnector.Connect(System.Int32,System.Object)" Kind="Method" Static="False" Accessibility="Private" ExternallyVisible="True">
           <Messages>
            <Message TypeName="AvoidExcessiveComplexity" Category="Microsoft.Maintainability" CheckId="CA1502" Status="ExcludedInSource" Created="2020-03-26 08:10:14Z" FixCategory="NonBreaking" LastSeen="0001-01-01 00:00:00Z" />
            <Message TypeName="DoNotCastUnnecessarily" Category="Microsoft.Performance" CheckId="CA1800" Status="ExcludedInSource" Created="2020-03-26 08:10:14Z" FixCategory="NonBreaking" LastSeen="0001-01-01 00:00:00Z" />
            <Message TypeName="InterfaceMethodsShouldBeCallableByChildTypes" Category="Microsoft.Design" CheckId="CA1033" Status="ExcludedInSource" Created="2020-03-26 08:10:14Z" FixCategory="NonBreaking" LastSeen="0001-01-01 00:00:00Z" />
           </Messages>
          </Member>
         </Members>
        </Type>
        <Type Name="DevicePosition" Kind="Class" Accessibility="Public" ExternallyVisible="True">
         <Members>
          <Member Name="#items" Kind="Field" Static="False" Accessibility="Assembly" ExternallyVisible="False">
           <Messages>
            <Message TypeName="AvoidUnusedPrivateFields" Category="Microsoft.Performance" CheckId="CA1823" Status="ExcludedInSource" Created="2020-03-26 08:10:14Z" FixCategory="NonBreaking" LastSeen="0001-01-01 00:00:00Z" />
           </Messages>
          </Member>
          <Member Name="#System.Windows.Markup.IComponentConnector.Connect(System.Int32,System.Object)" Kind="Method" Static="False" Accessibility="Private" ExternallyVisible="True">
           <Messages>
            <Message TypeName="AvoidExcessiveComplexity" Category="Microsoft.Maintainability" CheckId="CA1502" Status="ExcludedInSource" Created="2020-03-26 08:10:14Z" FixCategory="NonBreaking" LastSeen="0001-01-01 00:00:00Z" />
            <Message TypeName="DoNotCastUnnecessarily" Category="Microsoft.Performance" CheckId="CA1800" Status="ExcludedInSource" Created="2020-03-26 08:10:14Z" FixCategory="NonBreaking" LastSeen="0001-01-01 00:00:00Z" />
            <Message TypeName="InterfaceMethodsShouldBeCallableByChildTypes" Category="Microsoft.Design" CheckId="CA1033" Status="ExcludedInSource" Created="2020-03-26 08:10:14Z" FixCategory="NonBreaking" LastSeen="0001-01-01 00:00:00Z" />
           </Messages>
          </Member>
         </Members>
        </Type>
        <Type Name="DevicePower" Kind="Class" Accessibility="Public" ExternallyVisible="True">
         <Members>
          <Member Name="#System.Windows.Markup.IComponentConnector.Connect(System.Int32,System.Object)" Kind="Method" Static="False" Accessibility="Private" ExternallyVisible="True">
           <Messages>
            <Message TypeName="AvoidExcessiveComplexity" Category="Microsoft.Maintainability" CheckId="CA1502" Status="ExcludedInSource" Created="2020-03-26 08:10:14Z" FixCategory="NonBreaking" LastSeen="0001-01-01 00:00:00Z" />
            <Message TypeName="DoNotCastUnnecessarily" Category="Microsoft.Performance" CheckId="CA1800" Status="ExcludedInSource" Created="2020-03-26 08:10:14Z" FixCategory="NonBreaking" LastSeen="0001-01-01 00:00:00Z" />
            <Message TypeName="InterfaceMethodsShouldBeCallableByChildTypes" Category="Microsoft.Design" CheckId="CA1033" Status="ExcludedInSource" Created="2020-03-26 08:10:14Z" FixCategory="NonBreaking" LastSeen="0001-01-01 00:00:00Z" />
           </Messages>
          </Member>
         </Members>
        </Type>
        <Type Name="SingleOption" Kind="Class" Accessibility="Public" ExternallyVisible="True">
         <Members>
          <Member Name="#System.Windows.Markup.IComponentConnector.Connect(System.Int32,System.Object)" Kind="Method" Static="False" Accessibility="Private" ExternallyVisible="True">
           <Messages>
            <Message TypeName="AvoidExcessiveComplexity" Category="Microsoft.Maintainability" CheckId="CA1502" Status="ExcludedInSource" Created="2020-03-26 08:10:14Z" FixCategory="NonBreaking" LastSeen="0001-01-01 00:00:00Z" />
            <Message TypeName="DoNotCastUnnecessarily" Category="Microsoft.Performance" CheckId="CA1800" Status="ExcludedInSource" Created="2020-03-26 08:10:14Z" FixCategory="NonBreaking" LastSeen="0001-01-01 00:00:00Z" />
            <Message TypeName="InterfaceMethodsShouldBeCallableByChildTypes" Category="Microsoft.Design" CheckId="CA1033" Status="ExcludedInSource" Created="2020-03-26 08:10:14Z" FixCategory="NonBreaking" LastSeen="0001-01-01 00:00:00Z" />
           </Messages>
          </Member>
         </Members>
        </Type>
        <Type Name="SurfaceAreaView" Kind="Class" Accessibility="Public" ExternallyVisible="True">
         <Members>
          <Member Name="#System.Windows.Markup.IComponentConnector.Connect(System.Int32,System.Object)" Kind="Method" Static="False" Accessibility="Private" ExternallyVisible="True">
           <Messages>
            <Message TypeName="AvoidExcessiveComplexity" Category="Microsoft.Maintainability" CheckId="CA1502" Status="ExcludedInSource" Created="2020-03-26 08:10:14Z" FixCategory="NonBreaking" LastSeen="0001-01-01 00:00:00Z" />
            <Message TypeName="DoNotCastUnnecessarily" Category="Microsoft.Performance" CheckId="CA1800" Status="ExcludedInSource" Created="2020-03-26 08:10:14Z" FixCategory="NonBreaking" LastSeen="0001-01-01 00:00:00Z" />
            <Message TypeName="InterfaceMethodsShouldBeCallableByChildTypes" Category="Microsoft.Design" CheckId="CA1033" Status="ExcludedInSource" Created="2020-03-26 08:10:14Z" FixCategory="NonBreaking" LastSeen="0001-01-01 00:00:00Z" />
           </Messages>
          </Member>
         </Members>
        </Type>
        <Type Name="TemperatureDifference" Kind="Class" Accessibility="Public" ExternallyVisible="True">
         <Members>
          <Member Name="#System.Windows.Markup.IComponentConnector.Connect(System.Int32,System.Object)" Kind="Method" Static="False" Accessibility="Private" ExternallyVisible="True">
           <Messages>
            <Message TypeName="AvoidExcessiveComplexity" Category="Microsoft.Maintainability" CheckId="CA1502" Status="ExcludedInSource" Created="2020-03-26 08:10:14Z" FixCategory="NonBreaking" LastSeen="0001-01-01 00:00:00Z" />
            <Message TypeName="DoNotCastUnnecessarily" Category="Microsoft.Performance" CheckId="CA1800" Status="ExcludedInSource" Created="2020-03-26 08:10:14Z" FixCategory="NonBreaking" LastSeen="0001-01-01 00:00:00Z" />
            <Message TypeName="InterfaceMethodsShouldBeCallableByChildTypes" Category="Microsoft.Design" CheckId="CA1033" Status="ExcludedInSource" Created="2020-03-26 08:10:14Z" FixCategory="NonBreaking" LastSeen="0001-01-01 00:00:00Z" />
           </Messages>
          </Member>
         </Members>
        </Type>
       </Types>
      </Namespace>
     </Namespaces>
    </Module>
   </Modules>
  </Target>
 </Targets>
 <Rules>
  <Rule TypeName="AvoidExcessiveComplexity" Category="Microsoft.Maintainability" CheckId="CA1502">
   <Name>避免过度复杂</Name>
   <Description>过于复杂的方法实现会增加理解和维护代码的难度。</Description>
   <Owner />
   <Url>http://msdn.microsoft.com/library/ms182212.aspx</Url>
   <Email>[none]</Email>
   <MessageLevel Certainty="90">Warning</MessageLevel>
   <File Name="maintainabilityrules.dll" Version="16.0.0.0" />
  </Rule>
  <Rule TypeName="AvoidUncalledPrivateCode" Category="Microsoft.Performance" CheckId="CA1811">
   <Name>避免使用未调用的私有代码</Name>
   <Description>存在对外部不可见的未调用代码，该代码不是已知的运行时入口点。如果错误地引发此冲突，请向 Visual Studio 代码分析团队发送问题报告。</Description>
   <Owner />
   <Url>http://msdn.microsoft.com/library/ms182264.aspx</Url>
   <Email>[none]</Email>
   <MessageLevel Certainty="75">Warning</MessageLevel>
   <File Name="performancerules.dll" Version="16.0.0.0" />
  </Rule>
  <Rule TypeName="AvoidUnusedPrivateFields" Category="Microsoft.Performance" CheckId="CA1823">
   <Name>避免未使用的私有字段</Name>
   <Description>检测到程序集内有似乎未访问过的私有字段。如果错误地引发了此冲突，请向 Visual Studio 代码分析团队发送问题报告。</Description>
   <Owner />
   <Url>http://msdn.microsoft.com/library/ms245042.aspx</Url>
   <Email>[none]</Email>
   <MessageLevel Certainty="75">Warning</MessageLevel>
   <File Name="performancerules.dll" Version="16.0.0.0" />
  </Rule>
  <Rule TypeName="DoNotCastUnnecessarily" Category="Microsoft.Performance" CheckId="CA1800">
   <Name>避免进行不必要的强制转换</Name>
   <Description>由于进行强制转换会产生相关的开销，因此请尽可能避免重复强制转换。</Description>
   <Owner />
   <Url>http://msdn.microsoft.com/library/ms182271.aspx</Url>
   <Email>[none]</Email>
   <MessageLevel Certainty="95">Warning</MessageLevel>
   <File Name="performancerules.dll" Version="16.0.0.0" />
  </Rule>
  <Rule TypeName="InterfaceMethodsShouldBeCallableByChildTypes" Category="Microsoft.Design" CheckId="CA1033">
   <Name>接口方法应可由子类型调用</Name>
   <Description>定义的显式方法实现具有私有可访问性。除非基类提供了具有相应可访问性的备用方法，否则从具有显式方法实现的类派生，并选择在类中重新声明它们的类不能调入基类实现。如果重写的基类方法已被显式接口实现所隐藏，则为了调入基类实现，派生类必须将基指针强制转换为相关接口。但是，通过此引用调用基类实现时，实际调用的将是派生类实现，这会导致递归调用，并最终导致堆栈溢出。</Description>
   <Owner />
   <Url>http://msdn.microsoft.com/library/ms182153.aspx</Url>
   <Email>[none]</Email>
   <MessageLevel Certainty="95">Error</MessageLevel>
   <File Name="designrules.dll" Version="16.0.0.0" />
  </Rule>
 </Rules>
 <Localized>
  <String Key="Category">类别</String>
  <String Key="Certainty">确定性</String>
  <String Key="CollapseAll">全部折叠</String>
  <String Key="CheckId">检查 ID</String>
  <String Key="Error">错误</String>
  <String Key="Errors">错误</String>
  <String Key="ExpandAll">全部展开</String>
  <String Key="Help">帮助</String>
  <String Key="Line">行</String>
  <String Key="Messages">消息</String>
  <String Key="LocationNotStoredInPdb">[位置未存储在 Pdb 中]</String>
  <String Key="Project">项目</String>
  <String Key="Resolution">解析</String>
  <String Key="Rule">规则</String>
  <String Key="RuleFile">规则文件</String>
  <String Key="RuleDescription">规则说明</String>
  <String Key="Source">源</String>
  <String Key="Status">状态</String>
  <String Key="Target">目标</String>
  <String Key="Warning">警告</String>
  <String Key="Warnings">警告</String>
  <String Key="ReportTitle">代码分析报告</String>
 </Localized>
</FxCopReport>
